{
    "sai": [
        {
            "id": "1",
            "posterUrl":"https://img.cdn.zostel.com/zostel/gallery/images/XaytahvmQ4-_ftorVrLJvA/aurangabad-20220127184606.jpg?h=400",
            "name":"Aurangabad"
        },
        {
            "id": "2",
            "posterUrl":"https://img.cdn.zostel.com/zostel/gallery/images/VFvd-Qq7Q92zkhbjE2ufYA/karnatakas-metropolitan-city-with-its-grand_3lJVBIb.jpg?h=400",
            "name":"Bangalore"
        },
        {
            "id": "3",
            "posterUrl":"https://img.cdn.zostel.com/zostel/gallery/images/0h7EG5blRO60ptcETfeOxw/a-trekking-destination-for-adventure-lovers_bpY4sqa.jpg?h=400",
            "name":"Berot"
        },
        {
            "id": "4",
            "posterUrl": "https://img.cdn.zostel.com/zostel/gallery/images/Au2EbwKgSbm7VRBzFhzwIg/taste-adventure-in-the-himalayas-of-bir-202_H7vz0yf.jpg?h=400",
            "name": "Bir"
        },
        {
            "id": "5",
            "posterUrl": "https://img.cdn.zostel.com/zostel/gallery/images/AogyCX0KQpeNYeOK545cgA/burwa-20220520080419.jpg?h=400",
            "name": "Burwa"
        },
        {
            "id": "6",
            "posterUrl": "https://da.se/app/uploads/2019/02/1-1-1100x733.jpg",
            "name": "Cheog"
        },
        {
            "id": "7",
            "posterUrl": "https://img.cdn.zostel.com/zostel/gallery/images/0wlj3wscTd-7gpMeKkSinA/a-pure-hidden-gem-of-the-himalayas-20201112102045.jpg?h=400",
            "name": "Chitkul"
        },
        {
            "id": "8",
            "posterUrl": "https://img.cdn.zostel.com/zostel/gallery/images/nFSCCFyoT1On6QD2gG3SHQ/greenery-is-found-at-its-best-in-coorg-2020_o86HXBS.jpg?h=400",
            "name": "Coorg"
        },
        {
            "id": "9",
            "posterUrl": "https://img.cdn.zostel.com/zostel/gallery/images/KV_nLxpvQhWEun7qPyzdQw/nature-to-its-most-serene-simple-20201112102036.jpg?h=400",
            "name": "Dalhousie"
        },
        {
            "id": "10",
            "posterUrl": "https://img.cdn.zostel.com/zostel/gallery/images/2qNpdv4mTy-OyDx-VFpTOg/explore-history-modernism-in-the-capital-of_2l8lKSl.jpg?h=400",
            "name": "Delhi"
        },
        {
            "id": "11",
            "posterUrl": "https://img.cdn.zostel.com/zostel/gallery/images/Gfsg8IToQ06i9kMUmr2zFg/dobhi-20211221140238.JPG?h=400",
            "name": "Dobhi"
        },
        {
            "id": "12",
            "posterUrl": "https://img.cdn.zostel.com/zostel/gallery/images/Um739YDBSuSRUSTyNUQzJQ/fagu-20220129085617.jpeg?h=400",
            "name": "Fagu"
        },
        {
            "id": "13",
            "posterUrl": "https://img.cdn.zostel.com/zostel/gallery/images/PPACzAu0TgGZoOToeONP2A/explore-cultures-offbeat-landscapes-of-sikk_hGGsKcC.jpg?h=400",
            "name": "Gangtok"
        },
        {
            "id": "14",
            "posterUrl": "https://img.cdn.zostel.com/zostel/gallery/images/Vws-7i_-RB6wVpatSsELBQ/pristine-beaches-a-boho-vibe-for-reposeful-_CPIOTmf.jpg?h=400",
            "name": "Gokarna"
        },
        {
            "id": "15",
            "posterUrl": "https://img.cdn.zostel.com/zostel/gallery/images/Du8SGQOGTf2fv801B28URw/the-pink-city-swarms-with-exceptional-monum_cvNBOwX.jpg?h=400",
            "name": "Jaipur"
        },
        {
            "id": "16",
            "posterUrl": "https://img.cdn.zostel.com/zostel/gallery/images/673Xm9LkQW2dIay4ft-Aiw/folk-music-a-living-fort-golden-houses-make_oXWFuru.jpg?h=400",
            "name": "Jaisalmer"
        },
        {
            "id": "20",
            "posterUrl": "https://img.cdn.zostel.com/zostel/gallery/images/_7osfwtmT9SiCNJo_Z5LGw/jibhi-20220129082028.jpeg?h=400",
            "name": "Jibhi"
        },
        {
            "id": "21",
            "posterUrl": "https://img.cdn.zostel.com/zostel/gallery/images/SkZZW54OQLGE2oB7jWQqKg/the-blue-city-charms-travellers-with-rich-h_AT52qza.jpg?h=400",
            "name": "Jodhpur"
        },
        {
            "id": "22",
            "posterUrl": "https://img.cdn.zostel.com/zostel/gallery/images/BBojebYVRMC_Kz6Vb9HlGQ/kathmandu-20220509195537.jpg?h=400",
            "name": "Kathmandu"
        },
        {
            "id": "23",
            "posterUrl": "https://img.cdn.zostel.com/zostel/gallery/images/ycrLKCSzTLynEcEMWhfhbQ/kibber-village-20220518114707.jpg?h=400",
            "name": "Kibber"
        },
        {
            "id": "24",
            "posterUrl": "https://img.cdn.zostel.com/zostel/gallery/images/q2_1UJRKRi-JA5URnsYlrw/a-city-of-eclectic-cultures-mounuments-and-_8br8xkb.jpg?h=400",
            "name": "Kochi"
            
        },
        {
            "id": "25",
            "posterUrl": "https://img.cdn.zostel.com/zostel/gallery/images/n2DSeX-CTqW9OH3Uxbfk4g/green-hills-waterfalls-await-you-on-a-cooli_jj2RuNL.jpg?h=400",
            "name": "Kodaikanal"
        },
        {
            "id": "26",
            "posterUrl": "https://img.cdn.zostel.com/zostel/gallery/images/10vEzZsmTGOYrdrMxt1t4A/kolad-20220509201522.jpg?h=400",
            "name": "Kolad"
        },
        {
            "id": "27",
            "posterUrl": "https://img.cdn.zostel.com/zostel/gallery/images/Bc7YNiSfR4GdQpPFhIfBXQ/kotgarh-20220520094350.jpg?h=400",
            "name": "Kotgarh"
        },
        {
            "id": "28",
            "posterUrl": "https://img.cdn.zostel.com/zostel/gallery/images/7aR77y23RE2ku4DqWkxMQw/kotkhai-20220129082514.jpeg?h=400",
            "name": "Kotkhai"
        },
        {
            "id": "29",
            "posterUrl": "https://img.cdn.zostel.com/zostel/gallery/images/u8jCb_7nTdqjHp4YBfiMMg/a-valley-rich-in-culture-adventure-20201112102053.jpg?h=400",
            "name": "Kullu"
        },
        {
            "id": "30",
            "posterUrl": "https://img.cdn.zostel.com/zostel/gallery/images/mSbYyUKESay5ju_3gMdLIg/quaint-village-in-lahaul-and-spiti-20211126122444.jpg?h=400",
            "name": "Lahaul"
        },
        {
            "id": "31",
            "posterUrl": "https://img.cdn.zostel.com/zostel/gallery/images/uQRqimdsRVmUcwInA11_6g/laida-jibhi-20201112105159.jpeg?w=450",
            "name": "Laida"
        },
        {
            "id": "32",
            "posterUrl": "https://img.cdn.zostel.com/zostel/gallery/images/qZ31rj3VTauFRKJEyStx0A/breathtaking-mountain-views-for-a-remarkabl_X9jEPVF.jpg?h=400",
            "name": "Leh"
        },
        {
            "id": "33",
            "posterUrl": "https://img.cdn.zostel.com/zostel/gallery/images/4EsKiY1jQX6_SH5mnl8lEA/lonavala-20220509133204.jpg?h=400",
            "name": "Lonavala"
        },
        {
            "id": "34",
            "posterUrl": "https://img.cdn.zostel.com/zostel/gallery/images/D3heeR2oQGWYbzDudHlb7g/the-ultimate-adventure-destination-20201112102009.jpg?h=400",
            "name": "Manali"
        },
        {
            "id": "35",
            "posterUrl": "https://img.cdn.zostel.com/zostel/gallery/images/IPn0UjgcSKCxO0zwvR1ggw/mashobra-20220520114415.jpg?h=400",
            "name": "Mashobra"
        },
        {
            "id": "36",
            "posterUrl": "https://img.cdn.zostel.com/zostel/gallery/images/N6l5Q3_vRBWklRyr3-MW0g/hikes-sunsets-and-nature-advetures-galore-2_zxqD3IU.jpg?h=400",
            "name": "McLeod"
        },
        {
            "id": "37",
            "posterUrl": "https://img.cdn.zostel.com/zostel/gallery/images/ajGhJ5OYTQ6hA6blRRvxrw/explore-uttarakhands-offbeat-mountain-town-_33v9F6C.jpg?h=400",
            "name": "Mukteshwar"
        },
        {
            "id": "38",
            "posterUrl": "https://img.cdn.zostel.com/zostel/gallery/images/UWJiH32BTceUwGTTcYKFhg/immerse-in-the-grandeur-of-a-beautiful-cosm_A8LEuz6.jpg?h=400",
            "name": "Mumbai"
        },
        {
            "id": "39",
            "posterUrl": "https://img.cdn.zostel.com/zostel/gallery/images/STHFwx02QOOotigPdmvxfw/tea-gardens-of-munnar-20210823102020.jpg?h=400",
            "name": "Munnar"
        },
        {
            "id": "40",
            "posterUrl": "https://img.cdn.zostel.com/zostel/gallery/images/s1T-TU6dSDmNwo7l5oN_FA/mountain-vibes-meet-city-hustle-in-mussoori_9qo0Puk.jpg?h=400",
            "name": "Mussoorie"
        },
        {
            "id": "41",
            "posterUrl": "https://img.cdn.zostel.com/zostel/gallery/images/2sebkMshRAGGtfIlFRMpgA/the-city-of-glory-great-food-and-yoga-20201_4LDGqHE.jpg?h=400",
            "name": "Mysore"
        },
        {
            "id": "42",
            "posterUrl": "https://img.cdn.zostel.com/zostel/gallery/images/4PemODayTxSzAoT2kTG9lQ/naggar-20220129152552.JPG?h=400",
            "name": "Naggar"
        },
        {
            "id": "43",
            "posterUrl": "https://img.cdn.zostel.com/zostel/gallery/images/l0ZziDVVTHGBHlMjCFGWfA/nainital-20220425094011.jpg?h=400",
            "name": "Nainital"
        }
    ]
}